state_id,architecture_name,reward,tokens,latency_s
01b5e33ab8c4635b,branch_verify_merge,1.0,3252.3333333333335,20.013583621631067
01b5e33ab8c4635b,compress_continue,1.0,1136.3333333333333,5.784850828970472
01b5e33ab8c4635b,cot,1.0,634.0,6.17275218963623
01b5e33ab8c4635b,critical_repair,1.0,3766.5,21.907561072148383
01b5e33ab8c4635b,debate_verify,1.0,2761.75,14.46716451807879
01b5e33ab8c4635b,debate_verify+compress+append_verifier,1.0,4129.0,23.833844736528892
01b5e33ab8c4635b,self_consistency_8,1.0,5346.0,52.62092671636492
01b5e33ab8c4635b,tool_verify,0.75,2013.75,14.106087784981355
01b5e33ab8c4635b,verify,0.5,1722.75,11.52205223753117
0294d9cea08dc800,branch_verify_merge,1.0,3002.6666666666665,18.124624374322593
0294d9cea08dc800,compress_continue,1.0,784.0,5.031327535708745
0294d9cea08dc800,cot,1.0,320.6,2.970747185125947
0294d9cea08dc800,critical_repair,0.25,2676.5,16.12675550649874
0294d9cea08dc800,debate_verify,1.0,2231.25,12.512166697531939
0294d9cea08dc800,debate_verify+insert+compress,1.0,3727.0,21.02975998725742
0294d9cea08dc800,self_consistency_8,1.0,2518.0,23.174978616647422
0294d9cea08dc800,tool_verify,1.0,897.25,6.075373946689069
0294d9cea08dc800,verify,0.0,904.25,6.044899457832798
03cfeb9b89d361a2,cot,0.0,1304.0,8.443161186762154
0689e79f1e5bb4c8,branch_verify_merge,0.0,4571.0,27.960375694247585
0689e79f1e5bb4c8,compress_continue,0.6666666666666666,2295.3333333333335,14.345437174352506
0689e79f1e5bb4c8,cot,1.0,1159.8,12.723005404137075
0689e79f1e5bb4c8,critical_repair,1.0,6869.25,43.29088928294368
0689e79f1e5bb4c8,critical_repair+insert+replace,1.0,7888.666666666667,47.984940967833005
0689e79f1e5bb4c8,debate_verify,0.25,4834.75,27.415048476075754
0689e79f1e5bb4c8,self_consistency_8,0.0,8704.0,94.70669370796531
0689e79f1e5bb4c8,tool_verify,0.75,3340.0,24.8422399610281
0689e79f1e5bb4c8,verify,0.25,3371.5,25.0667166642379
0761295665ceee22,branch_verify_merge,0.3333333333333333,7369.333333333333,43.43723847841223
0761295665ceee22,branch_verify_merge+append_verifier+replace,0.3333333333333333,8372.0,49.10932397283614
0761295665ceee22,compress_continue,0.0,4380.666666666667,27.661734834002953
0761295665ceee22,cot,0.0,1979.25,20.979924743063748
0761295665ceee22,critical_repair,0.0,8208.75,50.98545499937609
0761295665ceee22,debate_verify,0.0,8478.0,49.72245931066573
0761295665ceee22,self_consistency_8,0.0,9428.0,92.66381160914898
0761295665ceee22,tool_verify,0.25,5293.0,36.08791628712788
0761295665ceee22,verify,0.0,4239.0,28.01153145148419
076fae96b8658fff,branch_verify_merge,0.0,2419.0,13.078792848313848
076fae96b8658fff,compress_continue,0.6666666666666666,636.6666666666666,3.0002740183845162
076fae96b8658fff,cot,1.0,413.8,3.4665622690692546
076fae96b8658fff,critical_repair,0.25,3160.5,17.81657365569845
076fae96b8658fff,debate_verify,0.25,2201.75,10.900129877729341
076fae96b8658fff,self_consistency_8,1.0,3328.0,28.012821070849895
076fae96b8658fff,tool_verify,0.0,1216.5,7.7144528219942
076fae96b8658fff,tool_verify+compress+insert,0.0,3536.3333333333335,19.221731325301032
076fae96b8658fff,verify,1.0,1183.5,7.490680667106062
0c19de80cb9d3cab,branch_verify_merge,1.0,5287.666666666667,33.72284751416495
0c19de80cb9d3cab,compress_continue,0.6666666666666666,3027.0,20.74646441390117
0c19de80cb9d3cab,cot,0.75,1416.0,15.203310505719855
0c19de80cb9d3cab,critical_repair,0.75,8227.0,50.63796452735551
0c19de80cb9d3cab,critical_repair+append_verifier+append_verifier,0.3333333333333333,9170.333333333334,54.97010971264293
0c19de80cb9d3cab,debate_verify,1.0,7365.25,46.18687980948016
0c19de80cb9d3cab,self_consistency_8,0.0,9096.0,95.46863703802228
0c19de80cb9d3cab,tool_verify,1.0,3594.0,25.686013516038656
0c19de80cb9d3cab,tool_verify+replace+insert,1.0,4105.0,31.80438542086631
0c19de80cb9d3cab,verify,1.0,3516.0,24.958960635820404
0ca47e02842a40b3,cot,0.0,3219.0,17.52912534866482
0dde7fb059f85e51,branch_verify_merge,0.6666666666666666,2881.0,16.920391854830086
0dde7fb059f85e51,branch_verify_merge+append_verifier+replace,0.6666666666666666,3794.0,22.931373845164973
0dde7fb059f85e51,compress_continue,0.3333333333333333,1209.0,7.1427270680045085
0dde7fb059f85e51,cot,1.0,520.25,5.322733514010906
0dde7fb059f85e51,critical_repair,0.75,3745.0,23.5818748336751
0dde7fb059f85e51,debate_verify,0.0,3068.5,16.902847040444613
0dde7fb059f85e51,self_consistency_8,1.0,3928.0,39.66060268692672
0dde7fb059f85e51,tool_verify,0.5,1746.0,12.6812087376602
0dde7fb059f85e51,verify,0.25,1430.5,10.2790970033966
11127916610081d9,branch_verify_merge,0.0,2249.0,12.985736901250979
11127916610081d9,compress_continue,0.0,629.0,3.5165243512019515
11127916610081d9,cot,1.0,275.0,2.5633678664453328
11127916610081d9,critical_repair,0.5,2255.0,13.794567376375198
11127916610081d9,debate_verify,0.0,2373.75,12.947375091956928
11127916610081d9,self_consistency_8,1.0,2237.0,20.94831225834787
11127916610081d9,tool_verify,0.0,897.5,6.424057114170864
11127916610081d9,tool_verify+compress+insert,0.0,1925.6666666666667,10.849512663049003
11127916610081d9,verify,0.5,870.75,6.177239524899051
1393d8e6362c7f9b,cot,1.0,2802.0,18.913714166730642
1b0d618713a2cda8,branch_verify_merge,0.6666666666666666,6637.0,43.857336461233594
1b0d618713a2cda8,compress_continue,0.6666666666666666,2890.3333333333335,18.329218060709536
1b0d618713a2cda8,compress_continue+replace+append_verifier,1.0,5325.666666666667,35.49333043800046
1b0d618713a2cda8,cot,0.75,1503.0,16.78462954540737
1b0d618713a2cda8,critical_repair,1.0,8066.75,52.30227122362703
1b0d618713a2cda8,debate_verify,0.75,6862.25,43.29573782416992
1b0d618713a2cda8,self_consistency_8,0.0,8696.0,95.26863951329142
1b0d618713a2cda8,tool_verify,0.75,4101.0,29.80639038514346
1b0d618713a2cda8,verify,1.0,3774.75,27.18833763501607
207559cdb0d3b528,branch_verify_merge,1.0,1646.0,9.052406945576271
207559cdb0d3b528,compress_continue,0.3333333333333333,405.3333333333333,2.2028389809032283
207559cdb0d3b528,cot,1.0,211.6,1.9474020406603814
207559cdb0d3b528,critical_repair,0.75,2053.0,12.354293101932853
207559cdb0d3b528,debate_verify,0.75,1728.0,9.30605677398853
207559cdb0d3b528,self_consistency_8,1.0,1558.0,13.763737794011831
207559cdb0d3b528,tool_verify,1.0,619.0,4.183763552689925
207559cdb0d3b528,tool_verify+replace+insert,0.0,1426.3333333333333,8.802690473074714
207559cdb0d3b528,verify,0.75,668.0,4.695537738269195
22c139b85c09d555,branch_verify_merge,1.0,2845.6666666666665,18.0648025299112
22c139b85c09d555,compress_continue,1.0,957.3333333333334,5.244147307860355
22c139b85c09d555,cot,0.8,473.2,4.772611657716334
22c139b85c09d555,critical_repair,1.0,3487.5,21.703226033831015
22c139b85c09d555,debate_verify,1.0,2860.5,16.393922239542007
22c139b85c09d555,debate_verify+compress+append_verifier,1.0,4000.0,24.381878974847496
22c139b85c09d555,self_consistency_8,1.0,3802.0,38.51004595961422
22c139b85c09d555,tool_verify,1.0,1522.25,11.181083280825987
22c139b85c09d555,verify,1.0,1435.5,10.502216349123046
232a60328845afe2,branch_verify_merge,1.0,2749.0,16.664597586728632
232a60328845afe2,compress_continue,1.0,1120.6666666666667,7.583873515017331
232a60328845afe2,cot,1.0,463.2,4.5045951584354045
232a60328845afe2,critical_repair,1.0,3679.0,22.210031651891768
232a60328845afe2,critical_repair+insert+replace,1.0,4810.0,28.743281698785722
232a60328845afe2,debate_verify,1.0,2576.0,15.83574163238518
232a60328845afe2,self_consistency_8,1.0,3716.0,36.27708434872329
232a60328845afe2,tool_verify,1.0,1304.5,9.019581951200962
232a60328845afe2,verify,1.0,1347.0,9.29817250953056
233509b441da1321,cot,1.0,1087.0,6.544894443824887
2361e8f1dfe892a5,branch_verify_merge,0.0,7218.333333333333,47.64799086904774
2361e8f1dfe892a5,compress_continue,0.0,3327.0,25.595403611970443
2361e8f1dfe892a5,cot,0.0,1165.75,12.624925457406789
2361e8f1dfe892a5,critical_repair,0.0,9106.5,61.31254067202099
2361e8f1dfe892a5,debate_verify,0.0,7767.25,50.75102265784517
2361e8f1dfe892a5,self_consistency_8,0.0,8682.0,92.84874362871051
2361e8f1dfe892a5,tool_verify,0.0,4749.0,35.4009107821621
2361e8f1dfe892a5,tool_verify+replace+insert,0.0,6918.666666666667,46.55741713630656
2361e8f1dfe892a5,verify,0.0,3468.5,24.69382873456925
26db6648c2fc6699,branch_verify_merge,0.0,6151.666666666667,38.56910802951703
26db6648c2fc6699,compress_continue,0.0,1885.0,12.180243800394237
26db6648c2fc6699,cot,0.75,1346.75,14.284978162264451
26db6648c2fc6699,critical_repair,0.0,8051.25,48.69119959534146
26db6648c2fc6699,debate_verify,0.0,5364.0,33.444873636821285
26db6648c2fc6699,debate_verify+insert+compress,0.0,7627.333333333333,44.396147016746305
26db6648c2fc6699,self_consistency_8,1.0,8554.0,87.59742791205645
26db6648c2fc6699,tool_verify,0.0,3052.5,20.840916827088222
26db6648c2fc6699,verify,0.0,3665.5,25.506412813672796
2b537cb3ee562f2c,branch_verify_merge,0.0,3100.0,18.110779366145533
2b537cb3ee562f2c,compress_continue,0.0,930.0,4.399665718587737
2b537cb3ee562f2c,cot,0.25,501.0,4.703644885448739
2b537cb3ee562f2c,critical_repair,0.0,3478.75,20.579981157556176
2b537cb3ee562f2c,critical_repair+append_verifier+append_verifier,0.0,5030.333333333333,28.443592180187505
2b537cb3ee562f2c,debate_verify,0.0,2908.5,15.93444611155428
2b537cb3ee562f2c,self_consistency_8,0.0,3929.0,36.499407447874546
2b537cb3ee562f2c,tool_verify,0.0,1347.75,8.947006295667961
2b537cb3ee562f2c,verify,0.0,1382.0,9.103603130904958
30ce5fd755370961,cot,0.0,6379.0,47.81397949066013
34b4488a29cd1a8e,cot,1.0,1502.0,10.42646431736648
34c79a947c372bbd,branch_verify_merge,1.0,2329.3333333333335,14.010225454966227
34c79a947c372bbd,compress_continue,1.0,866.6666666666666,5.684526982096334
34c79a947c372bbd,cot,1.0,410.0,4.12993795722723
34c79a947c372bbd,critical_repair,1.0,2780.0,16.966196063440293
34c79a947c372bbd,debate_verify,1.0,2477.0,13.559066619724035
34c79a947c372bbd,self_consistency_8,1.0,3407.0,34.34684563893825
34c79a947c372bbd,tool_verify,1.0,1312.0,9.33401266229339
34c79a947c372bbd,tool_verify+replace+insert,1.0,2472.3333333333335,15.666197335347533
34c79a947c372bbd,verify,0.25,1227.25,8.660373104270548
396ee61b08016468,branch_verify_merge,1.0,6595.333333333333,41.911814969033
396ee61b08016468,compress_continue,0.3333333333333333,3947.3333333333335,25.82401955779642
396ee61b08016468,cot,1.0,1911.0,20.890566633315757
396ee61b08016468,critical_repair,1.0,8718.75,54.68663246999495
396ee61b08016468,debate_verify,0.5,7144.5,44.635351963108405
396ee61b08016468,self_consistency_8,0.0,9160.0,94.57309262175113
396ee61b08016468,tool_verify,0.5,4647.5,33.3546229605563
396ee61b08016468,tool_verify+compress+insert,0.0,7940.0,46.07220196009924
396ee61b08016468,verify,1.0,4586.5,32.260747405234724
397f447e089c0e5b,cot,0.0,3098.0,21.872909131459892
3ae8b28ea6c5555f,cot,1.0,4779.0,31.053706909529865
3d37226414fd3751,cot,1.0,1226.0,8.140161318704486
3e9f0d431f68d571,cot,0.0,1101.0,6.159426881931722
4219241634c01360,branch_verify_merge,0.0,3338.3333333333335,21.34480105092128
4219241634c01360,compress_continue,1.0,1184.6666666666667,8.456911062821746
4219241634c01360,cot,1.0,486.4,4.9581052185967565
4219241634c01360,cot+compress+append_verifier,0.6666666666666666,2153.0,14.280949940594533
4219241634c01360,critical_repair,0.75,4682.75,29.72660367656499
4219241634c01360,debate_verify,0.0,4034.75,22.70963847148232
4219241634c01360,self_consistency_8,1.0,3933.0,39.971822679042816
4219241634c01360,tool_verify,0.25,1359.5,9.810721809510142
4219241634c01360,verify,0.75,1499.75,10.853212810354307
42f9deeeb8c584e4,branch_verify_merge,0.0,4028.0,25.44964460252474
42f9deeeb8c584e4,compress_continue,0.0,1102.6666666666667,6.627022530262669
42f9deeeb8c584e4,cot,0.0,599.0,6.0626820446923375
42f9deeeb8c584e4,critical_repair,0.0,4100.25,25.59770265268162
42f9deeeb8c584e4,debate_verify,0.0,3645.25,20.783793299924582
42f9deeeb8c584e4,debate_verify+insert+compress,0.0,5484.666666666667,31.557351060522098
42f9deeeb8c584e4,self_consistency_8,0.0,4938.0,50.48207422532141
42f9deeeb8c584e4,tool_verify,0.0,1774.5,12.963330798549578
42f9deeeb8c584e4,verify,0.0,1817.0,13.377101009944454
44db918ff042d519,branch_verify_merge,0.6666666666666666,7302.333333333333,47.36592670467993
44db918ff042d519,compress_continue,1.0,2873.3333333333335,17.59752252760033
44db918ff042d519,cot,1.0,1512.0,15.981427974998951
44db918ff042d519,critical_repair,1.0,5836.5,35.00336304586381
44db918ff042d519,debate_verify,0.75,7761.75,47.014746389584616
44db918ff042d519,self_consistency_8,1.0,8616.0,87.14096143096685
44db918ff042d519,tool_verify,0.75,3131.25,21.476896583801135
44db918ff042d519,tool_verify+replace+insert,1.0,5067.666666666667,31.251822614111006
44db918ff042d519,verify,0.5,3248.5,23.71156515367329
466e939bcf5b9795,branch_verify_merge+replace+insert,0.0,5219.0,32.63927146419883
471d4356b898a1fd,branch_verify_merge,0.6666666666666666,1492.6666666666667,8.377160216371218
471d4356b898a1fd,compress_continue,1.0,322.3333333333333,1.7110238270834088
471d4356b898a1fd,cot,1.0,182.2,1.5078130489215256
471d4356b898a1fd,critical_repair,0.25,2074.25,12.288819009438157
471d4356b898a1fd,debate_verify,1.0,1291.25,6.626656868029386
471d4356b898a1fd,self_consistency_8,1.0,1412.0,11.639293930493295
471d4356b898a1fd,tool_verify,1.0,516.75,3.364132383838296
471d4356b898a1fd,tool_verify+compress+insert,1.0,1245.3333333333333,6.2662201235070825
471d4356b898a1fd,verify,0.75,581.5,3.9448341864626855
4a341a5109f69edd,cot,0.0,6426.0,47.98322883527726
4ab4f913cc027cbc,branch_verify_merge,0.0,2868.3333333333335,15.953091123141348
4ab4f913cc027cbc,compress_continue,0.0,763.6666666666666,3.549890232582887
4ab4f913cc027cbc,cot,0.25,453.5,4.257867654319853
4ab4f913cc027cbc,critical_repair,0.5,3696.25,22.07954551372677
4ab4f913cc027cbc,debate_verify,0.0,2212.75,11.444841600721702
4ab4f913cc027cbc,self_consistency_8,0.0,3636.0,34.155961780808866
4ab4f913cc027cbc,tool_verify,0.0,1383.25,9.4554240249563
4ab4f913cc027cbc,tool_verify+compress+insert,0.0,3790.3333333333335,21.115781889607508
4ab4f913cc027cbc,verify,0.0,1344.25,9.105832708533853
4b081dcceb0b27d4,branch_verify_merge,1.0,1978.0,10.975597014961144
4b081dcceb0b27d4,compress_continue,1.0,621.3333333333334,3.3110137969876328
4b081dcceb0b27d4,cot,1.0,288.0,2.4672848349437118
4b081dcceb0b27d4,critical_repair,0.75,2419.0,14.115948564605787
4b081dcceb0b27d4,debate_verify,1.0,2128.5,11.821313333464786
4b081dcceb0b27d4,debate_verify+insert+compress,1.0,3442.3333333333335,18.62855348208298
4b081dcceb0b27d4,self_consistency_8,1.0,2261.0,19.301701605319977
4b081dcceb0b27d4,tool_verify,1.0,893.5,5.998381785582751
4b081dcceb0b27d4,verify,1.0,864.75,5.668640116462484
4ca3640d389f4052,branch_verify_merge,0.3333333333333333,2066.3333333333335,11.18918392000099
4ca3640d389f4052,compress_continue,1.0,681.6666666666666,4.1484062333280844
4ca3640d389f4052,cot,1.0,361.2,3.250108371861279
4ca3640d389f4052,critical_repair,0.25,2768.25,15.951522020390257
4ca3640d389f4052,debate_verify,0.0,2020.25,10.73236467433162
4ca3640d389f4052,self_consistency_8,1.0,2950.0,26.88855916261673
4ca3640d389f4052,tool_verify,0.5,1050.75,6.938530286075547
4ca3640d389f4052,tool_verify+compress+insert,0.0,2688.0,14.331817409644524
4ca3640d389f4052,verify,0.0,1053.25,6.96879206597805
5886535f30a77cd1,cot,1.0,4465.0,23.580470520071685
5aabc7fb012bcfca,branch_verify_merge,0.6666666666666666,4360.666666666667,26.810038422234356
5aabc7fb012bcfca,compress_continue,1.0,3287.3333333333335,22.958580441462498
5aabc7fb012bcfca,cot,1.0,1080.5,11.067329700104892
5aabc7fb012bcfca,cot+compress+append_verifier,1.0,4173.0,26.24235523988803
5aabc7fb012bcfca,cot+replace+replace,1.0,1516.0,16.008057115599513
5aabc7fb012bcfca,critical_repair,1.0,6793.5,41.060296189272776
5aabc7fb012bcfca,debate_verify,0.5,4806.0,30.045936771202832
5aabc7fb012bcfca,self_consistency_8,1.0,8452.0,86.2959250099957
5aabc7fb012bcfca,tool_verify,0.25,2458.5,16.700369355268776
5aabc7fb012bcfca,verify,1.0,2982.25,20.656195930670947
5d12b7a478c8531a,branch_verify_merge,0.0,2728.3333333333335,16.690469131494563
5d12b7a478c8531a,compress_continue,0.0,1270.6666666666667,8.546042767663797
5d12b7a478c8531a,cot,1.0,510.5,5.087888102978468
5d12b7a478c8531a,critical_repair,0.0,4223.75,25.8427034819033
5d12b7a478c8531a,critical_repair+append_verifier+append_verifier,0.0,6092.0,35.864899641523756
5d12b7a478c8531a,debate_verify,0.0,2756.5,15.459300138056278
5d12b7a478c8531a,self_consistency_8,1.0,3948.0,39.137953110039234
5d12b7a478c8531a,tool_verify,0.0,1508.0,10.80176930502057
5d12b7a478c8531a,verify,0.0,1433.0,10.025056136539206
5e00d87bd562c185,branch_verify_merge,1.0,3684.6666666666665,21.848852435747784
5e00d87bd562c185,compress_continue,1.0,2356.0,16.245074346351128
5e00d87bd562c185,cot,0.5,1739.0,18.987133319256827
5e00d87bd562c185,critical_repair,1.0,7664.75,46.689325246727094
5e00d87bd562c185,debate_verify,1.0,5428.75,31.383838434470817
5e00d87bd562c185,self_consistency_8,1.0,8387.0,87.560720407404
5e00d87bd562c185,tool_verify,1.0,3881.75,26.3532485535834
5e00d87bd562c185,tool_verify+compress+insert,0.6666666666666666,6502.333333333333,39.09939228122433
5e00d87bd562c185,tool_verify+replace+compress,0.0,5139.0,29.590020643547177
5e00d87bd562c185,verify,1.0,4319.5,29.512948215240613
5e29b7c21f2690ab,branch_verify_merge,0.0,3226.0,18.897933416068554
5e29b7c21f2690ab,compress_continue,0.0,1077.6666666666667,6.6541887847706676
5e29b7c21f2690ab,cot,0.5,409.25,3.5383975154254586
5e29b7c21f2690ab,cot+compress+append_verifier,0.0,1870.6666666666667,10.97736380652835
5e29b7c21f2690ab,critical_repair,0.0,3151.5,17.960438170004636
5e29b7c21f2690ab,debate_verify,0.0,2319.75,12.964090721681714
5e29b7c21f2690ab,self_consistency_8,0.0,3538.0,31.378591561689973
5e29b7c21f2690ab,tool_verify,0.0,1127.0,7.155452064005658
5e29b7c21f2690ab,verify,0.0,1267.0,8.374660476809368
5f0d62a184c62b90,branch_verify_merge,1.0,3883.0,24.33815863604347
5f0d62a184c62b90,compress_continue,1.0,1506.0,9.25940088648349
5f0d62a184c62b90,cot,1.0,693.0,7.241252056881786
5f0d62a184c62b90,critical_repair,0.75,4592.25,29.129064560635015
5f0d62a184c62b90,debate_verify,0.5,3656.0,21.881925960537046
5f0d62a184c62b90,debate_verify+compress+append_verifier,0.6666666666666666,5847.333333333333,36.21855044551194
5f0d62a184c62b90,self_consistency_8,1.0,5715.0,59.7054400742054
5f0d62a184c62b90,tool_verify,1.0,1986.5,14.283994452096522
5f0d62a184c62b90,verify,0.5,2079.25,15.326351467054337
5f52f8ac2cdd186a,branch_verify_merge,0.6666666666666666,2817.3333333333335,15.797242530000707
5f52f8ac2cdd186a,branch_verify_merge+append_verifier+replace,0.6666666666666666,3532.0,20.634222394476335
5f52f8ac2cdd186a,compress_continue,0.0,942.6666666666666,5.3021167836462455
5f52f8ac2cdd186a,cot,1.0,379.0,3.433241057442501
5f52f8ac2cdd186a,critical_repair,0.75,3017.5,17.791844261577353
5f52f8ac2cdd186a,debate_verify,0.75,2561.75,13.61073671351187
5f52f8ac2cdd186a,self_consistency_8,1.0,3013.0,27.116331484168768
5f52f8ac2cdd186a,tool_verify,0.75,1145.5,7.969677364453673
5f52f8ac2cdd186a,verify,0.5,1135.0,7.754641725681722
601d70dc4b5f5f39,branch_verify_merge,1.0,3058.0,16.452156020328403
601d70dc4b5f5f39,compress_continue,1.0,681.0,3.553798315425714
601d70dc4b5f5f39,cot,1.0,397.8,3.582209642417729
601d70dc4b5f5f39,critical_repair,0.5,3482.25,20.873009148286656
601d70dc4b5f5f39,debate_verify,1.0,3138.75,16.874653555685654
601d70dc4b5f5f39,self_consistency_8,1.0,3049.0,27.071025031618774
601d70dc4b5f5f39,tool_verify,1.0,1175.75,8.043654826004058
601d70dc4b5f5f39,tool_verify+compress+insert,1.0,3170.3333333333335,17.44004671399792
601d70dc4b5f5f39,verify,0.5,1130.25,7.523322173394263
60377747e0792c2c,cot,1.0,968.0,6.146108251996338
6151c770d60168d9,branch_verify_merge,1.0,2949.6666666666665,17.187966536730528
6151c770d60168d9,compress_continue,0.6666666666666666,422.6666666666667,2.29562914557755
6151c770d60168d9,cot,1.0,267.2,2.3990805024281143
6151c770d60168d9,critical_repair,0.75,2648.0,15.956617747666314
6151c770d60168d9,critical_repair+insert+replace,1.0,3650.6666666666665,22.039509813922148
6151c770d60168d9,debate_verify,1.0,2265.5,12.805860879598185
6151c770d60168d9,self_consistency_8,1.0,2213.0,20.0331450747326
6151c770d60168d9,tool_verify,1.0,628.0,4.556576800299808
6151c770d60168d9,verify,0.75,817.75,5.606617968529463
6195a4a1beb063cd,branch_verify_merge,1.0,3319.6666666666665,20.773604908026755
6195a4a1beb063cd,compress_continue,1.0,815.6666666666666,5.003558923800786
6195a4a1beb063cd,cot,1.0,290.25,2.6812271040398628
6195a4a1beb063cd,cot+replace+replace,1.0,326.0,2.9704048642888665
6195a4a1beb063cd,critical_repair,1.0,2796.0,16.847589254612103
6195a4a1beb063cd,critical_repair+insert+replace,1.0,4814.0,30.253439145783585
6195a4a1beb063cd,debate_verify,0.75,2738.25,15.699366296408698
6195a4a1beb063cd,self_consistency_8,1.0,2527.0,23.824820450507104
6195a4a1beb063cd,tool_verify,1.0,1018.25,7.2339623318985105
6195a4a1beb063cd,verify,1.0,894.0,6.211949127027765
61c2b714402586eb,branch_verify_merge,0.0,5180.666666666667,33.16264705887685
61c2b714402586eb,compress_continue,0.0,2137.0,15.268047384917736
61c2b714402586eb,cot,0.75,738.0,7.6179341692477465
61c2b714402586eb,cot+compress+append_verifier,0.0,3531.3333333333335,23.37029564070205
61c2b714402586eb,critical_repair,0.0,5843.5,36.35525129502639
61c2b714402586eb,debate_verify,0.0,3894.0,23.038861486595124
61c2b714402586eb,self_consistency_8,1.0,6801.0,71.01287204865366
61c2b714402586eb,tool_verify,0.0,2264.25,16.479471904225647
61c2b714402586eb,verify,0.0,2310.75,16.50977666536346
633bf4a809086313,branch_verify_merge,1.0,3136.6666666666665,18.801012002242107
633bf4a809086313,compress_continue,1.0,971.3333333333334,5.251791472236316
633bf4a809086313,cot,1.0,505.2,5.231460218876601
633bf4a809086313,critical_repair,1.0,3836.0,23.825548090739176
633bf4a809086313,critical_repair+insert+replace,1.0,4612.0,28.617253435154755
633bf4a809086313,debate_verify,0.75,3070.25,17.1859159944579
633bf4a809086313,self_consistency_8,1.0,3649.0,37.43146454356611
633bf4a809086313,tool_verify,1.0,1324.0,9.578223379096016
633bf4a809086313,verify,0.25,1357.0,9.51006358419545
64de69d1fdf82ae8,branch_verify_merge,1.0,4348.0,26.854644369954865
64de69d1fdf82ae8,compress_continue,1.0,2136.6666666666665,14.56256145487229
64de69d1fdf82ae8,cot,1.0,736.6,7.194360195286572
64de69d1fdf82ae8,critical_repair,1.0,4903.0,29.123801175970584
64de69d1fdf82ae8,critical_repair+append_verifier+append_verifier,1.0,7915.0,44.52357517462224
64de69d1fdf82ae8,debate_verify,0.75,3776.5,20.873706163140014
64de69d1fdf82ae8,self_consistency_8,1.0,6090.0,60.2406828282401
64de69d1fdf82ae8,tool_verify,1.0,2012.75,13.612105759326369
64de69d1fdf82ae8,verify,0.75,2010.0,13.445918559795246
65a1f139aadad8e0,branch_verify_merge,0.0,4495.333333333333,26.34298529755324
65a1f139aadad8e0,compress_continue,1.0,1913.0,10.451636874427399
65a1f139aadad8e0,cot,1.0,936.0,8.994591491110622
65a1f139aadad8e0,critical_repair,1.0,5695.5,33.341694202739745
65a1f139aadad8e0,debate_verify,0.75,3917.75,21.09938189922832
65a1f139aadad8e0,debate_verify+insert+compress,1.0,6224.666666666667,34.86022402190914
65a1f139aadad8e0,self_consistency_8,1.0,7434.0,71.50568922329694
65a1f139aadad8e0,tool_verify,1.0,2584.0,16.911902345716953
65a1f139aadad8e0,verify,1.0,2540.25,17.16769224149175
6641f92496eccebb,cot,0.0,1235.0,7.854041905142367
66614ea3318a9e4f,branch_verify_merge,1.0,2769.0,16.63647274300456
66614ea3318a9e4f,compress_continue,1.0,667.0,3.6520834950109324
66614ea3318a9e4f,cot,1.0,355.0,3.3267388029024003
66614ea3318a9e4f,critical_repair,0.75,3387.0,20.89342844998464
66614ea3318a9e4f,debate_verify,0.75,2208.25,11.785490694921464
66614ea3318a9e4f,debate_verify+insert+compress,1.0,3857.3333333333335,21.543236974005897
66614ea3318a9e4f,self_consistency_8,1.0,2767.0,25.860314845107496
66614ea3318a9e4f,tool_verify,1.0,1083.75,7.351473762886599
66614ea3318a9e4f,verify,0.5,1048.0,7.285541349789128
666c76c879a12383,cot,0.0,709.0,4.595961117185652
6c6c7f655ed40041,branch_verify_merge,0.0,2451.3333333333335,14.942036907188594
6c6c7f655ed40041,compress_continue,0.0,391.3333333333333,2.0050053087373576
6c6c7f655ed40041,compress_continue+replace+append_verifier,0.0,972.3333333333334,6.607665648683906
6c6c7f655ed40041,cot,0.0,234.75,2.213768970919773
6c6c7f655ed40041,critical_repair,0.0,2677.75,16.56424337439239
6c6c7f655ed40041,debate_verify,0.0,1968.75,10.794177187606692
6c6c7f655ed40041,self_consistency_8,0.0,2148.0,20.724147929809988
6c6c7f655ed40041,tool_verify,0.0,791.5,5.929095760453492
6c6c7f655ed40041,verify,0.0,772.5,5.638254506280646
7360165355e1e81e,cot,1.0,5946.0,26.92158914450556
73bfeadeced14f93,branch_verify_merge,1.0,5024.666666666667,30.164072415791452
73bfeadeced14f93,branch_verify_merge+append_verifier+replace,1.0,5439.333333333333,32.077907731446125
73bfeadeced14f93,compress_continue,1.0,1454.0,9.74170172214508
73bfeadeced14f93,cot,1.0,600.8,5.885762476548552
73bfeadeced14f93,critical_repair,0.5,5205.0,31.79594713402912
73bfeadeced14f93,debate_verify,1.0,4113.25,24.07770931790583
73bfeadeced14f93,self_consistency_8,1.0,4498.0,43.550577708519995
73bfeadeced14f93,tool_verify,1.0,1843.5,12.714480675756931
73bfeadeced14f93,verify,0.25,1665.75,11.307369904126972
74ba367e46d003c7,branch_verify_merge,1.0,4531.333333333333,28.126587609450024
74ba367e46d003c7,compress_continue,1.0,2040.6666666666667,13.518956398280958
74ba367e46d003c7,cot,1.0,1110.2,11.91415995247662
74ba367e46d003c7,critical_repair,1.0,6982.25,43.59933721809648
74ba367e46d003c7,critical_repair+insert+replace,1.0,8253.0,50.633686069088675
74ba367e46d003c7,debate_verify,1.0,5484.0,34.54705968149938
74ba367e46d003c7,self_consistency_8,1.0,8169.0,87.09431643690914
74ba367e46d003c7,tool_verify,1.0,2930.75,20.201711578760296
74ba367e46d003c7,verify,1.0,3205.75,22.579555328702554
76e1a6952d5818f5,branch_verify_merge,0.0,9761.0,64.2179342508316
76e1a6952d5818f5,compress_continue,0.3333333333333333,5593.666666666667,39.415611973032355
76e1a6952d5818f5,cot,0.0,1983.5,21.97445918759331
76e1a6952d5818f5,critical_repair,0.0,9802.75,62.90996678196825
76e1a6952d5818f5,debate_verify,0.5,7918.5,50.01186003442854
76e1a6952d5818f5,self_consistency_8,0.0,8864.0,94.55439509265125
76e1a6952d5818f5,tool_verify,0.5,5792.0,42.31915467581712
76e1a6952d5818f5,tool_verify+replace+insert,0.0,9074.666666666666,60.611493308097124
76e1a6952d5818f5,verify,0.0,5609.75,41.29809809708968
795b0ae41d4477fe,branch_verify_merge,0.3333333333333333,5661.333333333333,29.34586641844362
795b0ae41d4477fe,compress_continue,0.0,2765.6666666666665,14.563846539705992
795b0ae41d4477fe,cot,0.0,1318.5,10.8863282634411
795b0ae41d4477fe,critical_repair,0.0,7588.0,38.834494300186634
795b0ae41d4477fe,debate_verify,0.0,4861.5,24.253983282716945
795b0ae41d4477fe,debate_verify+compress+append_verifier,0.0,7989.0,39.053917416371405
795b0ae41d4477fe,self_consistency_8,0.0,9097.0,70.46373959165066
795b0ae41d4477fe,tool_verify,0.0,3979.75,23.53049287223257
795b0ae41d4477fe,verify,0.0,3359.75,18.440579064190388
7a39a493f21b9e7b,branch_verify_merge,0.0,2263.0,12.450161039829254
7a39a493f21b9e7b,compress_continue,0.0,480.0,2.4626891125614443
7a39a493f21b9e7b,cot,0.5,232.0,1.8157199181150645
7a39a493f21b9e7b,critical_repair,1.0,2411.75,13.94146251725033
7a39a493f21b9e7b,debate_verify,0.25,1962.25,10.388477733591571
7a39a493f21b9e7b,self_consistency_8,1.0,1759.0,13.35127873159945
7a39a493f21b9e7b,tool_verify,0.25,717.25,4.6978332528378814
7a39a493f21b9e7b,tool_verify+compress+insert,0.3333333333333333,1444.0,7.11429627550145
7a39a493f21b9e7b,verify,0.5,726.5,4.767106554005295
7d9347bc1f053019,branch_verify_merge,0.6666666666666666,6020.666666666667,35.10911386925727
7d9347bc1f053019,compress_continue,0.6666666666666666,3278.6666666666665,21.106467283330858
7d9347bc1f053019,cot,0.8,1250.2,12.001867928355932
7d9347bc1f053019,critical_repair,1.0,7681.0,44.84020371641964
7d9347bc1f053019,critical_repair+append_verifier+append_verifier,0.0,9199.333333333334,48.60798268765211
7d9347bc1f053019,debate_verify,0.25,5924.5,34.471862780163065
7d9347bc1f053019,self_consistency_8,1.0,9053.0,85.05143282562494
7d9347bc1f053019,tool_verify,0.75,3412.5,22.888941990444437
7d9347bc1f053019,verify,0.5,3335.5,22.250388999003917
81c91af870619885,cot,1.0,641.0,3.6802122853696346
8295cd47dbb039ae,branch_verify_merge,0.6666666666666666,2490.3333333333335,14.264339645082751
8295cd47dbb039ae,compress_continue,0.6666666666666666,524.0,2.5508567818130055
8295cd47dbb039ae,cot,1.0,388.6,3.6302463876083495
8295cd47dbb039ae,critical_repair,0.75,3030.75,18.18900950299576
8295cd47dbb039ae,critical_repair+append_verifier+append_verifier,0.3333333333333333,4804.666666666667,27.52962995475779
8295cd47dbb039ae,debate_verify,0.5,2126.5,11.134897069074214
8295cd47dbb039ae,self_consistency_8,1.0,3169.0,29.85430618096143
8295cd47dbb039ae,tool_verify,1.0,1184.25,8.082356848055497
8295cd47dbb039ae,verify,0.25,1102.75,7.300330294528976
85578c466ea80992,branch_verify_merge,0.6666666666666666,3522.6666666666665,21.115148991967242
85578c466ea80992,compress_continue,1.0,1580.3333333333333,10.426197061004737
85578c466ea80992,compress_continue+replace+append_verifier,0.6666666666666666,2811.6666666666665,18.376541414919
85578c466ea80992,cot,1.0,603.4,5.760171972587704
85578c466ea80992,critical_repair,0.5,6581.5,40.7657859318424
85578c466ea80992,debate_verify,1.0,3420.75,20.590655954321846
85578c466ea80992,self_consistency_8,1.0,5454.0,53.41156373731792
85578c466ea80992,tool_verify,1.0,1736.5,11.863638426875696
85578c466ea80992,verify,1.0,1619.5,10.804533085785806
87f4e1fe5b055f75,cot,1.0,2221.0,15.912714178673923
89a341a08bc35b32,branch_verify_merge,0.0,2525.0,15.134536333071688
89a341a08bc35b32,compress_continue,0.3333333333333333,710.3333333333334,4.511660709666709
89a341a08bc35b32,cot,1.0,333.0,3.147901360690594
89a341a08bc35b32,cot+compress+append_verifier,0.0,1539.6666666666667,10.368391285650432
89a341a08bc35b32,critical_repair,0.0,3249.75,20.27550410409458
89a341a08bc35b32,debate_verify,0.0,2516.0,13.722269095946103
89a341a08bc35b32,self_consistency_8,1.0,2798.0,26.658404673449695
89a341a08bc35b32,tool_verify,0.0,1172.75,8.595150267705321
89a341a08bc35b32,verify,0.25,1014.25,7.258483100915328
8d0f383242f0c7cc,branch_verify_merge,1.0,3331.6666666666665,20.604433345918853
8d0f383242f0c7cc,branch_verify_merge+append_verifier+replace,0.3333333333333333,4933.666666666667,32.30316452961415
8d0f383242f0c7cc,compress_continue,1.0,1286.3333333333333,7.181587141007185
8d0f383242f0c7cc,cot,1.0,626.4,6.554082594811916
8d0f383242f0c7cc,critical_repair,0.0,5304.0,33.339070196961984
8d0f383242f0c7cc,debate_verify,0.75,3529.75,20.65532128768973
8d0f383242f0c7cc,self_consistency_8,0.0,5359.0,56.24339615460485
8d0f383242f0c7cc,tool_verify,0.75,1850.0,13.25852171285078
8d0f383242f0c7cc,verify,0.5,1731.0,12.313928766641766
8e60f01660d6dbf5,branch_verify_merge,0.6666666666666666,4831.333333333333,29.36035892025878
8e60f01660d6dbf5,compress_continue,0.0,961.6666666666666,5.203416800436874
8e60f01660d6dbf5,cot,0.75,452.75,4.253339749760926
8e60f01660d6dbf5,cot+replace+replace,1.0,645.0,6.344506579451263
8e60f01660d6dbf5,critical_repair,1.0,3596.25,21.708884220803156
8e60f01660d6dbf5,debate_verify,1.0,3335.75,18.584634453291073
8e60f01660d6dbf5,debate_verify+insert+compress,1.0,4808.333333333333,26.86694128004213
8e60f01660d6dbf5,self_consistency_8,1.0,3568.0,33.23537822347134
8e60f01660d6dbf5,tool_verify,1.0,1351.25,9.110140609089285
8e60f01660d6dbf5,verify,0.0,1357.25,9.2899722289294
8f94a603285e7b93,branch_verify_merge,1.0,5445.0,34.47336522551874
8f94a603285e7b93,compress_continue,1.0,2075.6666666666665,12.741993058472872
8f94a603285e7b93,cot,1.0,970.0,10.20853150188923
8f94a603285e7b93,critical_repair,1.0,6213.75,38.88866222347133
8f94a603285e7b93,debate_verify,1.0,4596.75,25.429006779333577
8f94a603285e7b93,debate_verify+compress+append_verifier,0.6666666666666666,7214.666666666667,43.86094433348626
8f94a603285e7b93,self_consistency_8,1.0,7314.0,76.20967068057507
8f94a603285e7b93,tool_verify,1.0,2616.5,18.429306127130985
8f94a603285e7b93,verify,0.75,2730.25,19.476049709133804
91eacc0ba077c5e9,branch_verify_merge,1.0,2612.6666666666665,15.470910314780971
91eacc0ba077c5e9,compress_continue,0.6666666666666666,782.0,4.502370016959806
91eacc0ba077c5e9,cot,1.0,458.25,4.450824483530596
91eacc0ba077c5e9,critical_repair,1.0,3737.5,22.23593775741756
91eacc0ba077c5e9,critical_repair+insert+replace,1.0,3896.3333333333335,23.043260800652206
91eacc0ba077c5e9,debate_verify,1.0,2378.0,12.645074007101357
91eacc0ba077c5e9,self_consistency_8,1.0,3626.0,35.152639381587505
91eacc0ba077c5e9,tool_verify,1.0,1309.0,9.194076752755791
91eacc0ba077c5e9,verify,0.25,1375.0,9.76976930652745
92b276b89cb5285b,cot,0.0,5815.0,41.781456782482564
93f74a0a60b48a7f,branch_verify_merge,0.0,2436.6666666666665,13.81962760568907
93f74a0a60b48a7f,compress_continue,0.3333333333333333,761.0,4.125499258128305
93f74a0a60b48a7f,cot,0.5,353.25,3.316938817035407
93f74a0a60b48a7f,critical_repair,0.0,3006.25,18.15763785969466
93f74a0a60b48a7f,debate_verify,0.0,2521.25,13.941336209652945
93f74a0a60b48a7f,self_consistency_8,1.0,3016.0,28.759443347342312
93f74a0a60b48a7f,tool_verify,0.0,1063.0,7.526259467471391
93f74a0a60b48a7f,tool_verify+compress+insert,0.0,2589.6666666666665,14.904586426913738
93f74a0a60b48a7f,verify,0.0,1067.75,7.449952389113605
98580cc87a339ebd,branch_verify_merge,0.0,5171.333333333333,28.97906880794714
98580cc87a339ebd,compress_continue,1.0,2154.0,12.41773484957715
98580cc87a339ebd,cot,0.6,1049.8,9.307795472443104
98580cc87a339ebd,critical_repair,0.75,7202.0,39.985984936589375
98580cc87a339ebd,debate_verify,0.25,4823.5,27.135166564024985
98580cc87a339ebd,self_consistency_8,1.0,7957.0,69.34509216994047
98580cc87a339ebd,tool_verify,0.75,2303.5,14.874214879469946
98580cc87a339ebd,tool_verify+compress+insert,1.0,6336.666666666667,33.96188063360751
98580cc87a339ebd,verify,1.0,2854.25,17.023652240168303
99cfd243adc9fcd3,branch_verify_merge,1.0,3141.0,19.13434362815072
99cfd243adc9fcd3,compress_continue,0.3333333333333333,540.6666666666666,2.789950908472141
99cfd243adc9fcd3,cot,1.0,221.0,1.7299134964123368
99cfd243adc9fcd3,critical_repair,0.75,2399.75,14.576900392537937
99cfd243adc9fcd3,critical_repair+insert+replace,0.3333333333333333,3362.3333333333335,20.21691364857058
99cfd243adc9fcd3,debate_verify,1.0,2043.0,10.690492734313011
99cfd243adc9fcd3,self_consistency_8,1.0,1733.0,13.40666948724538
99cfd243adc9fcd3,tool_verify,0.5,747.0,5.2145168599672616
99cfd243adc9fcd3,verify,0.5,792.5,5.672576663084328
99fb8b6659849c6d,branch_verify_merge,1.0,3053.0,16.488935683543485
99fb8b6659849c6d,compress_continue,1.0,1016.3333333333334,5.521701983797054
99fb8b6659849c6d,cot,1.0,382.6,2.780717270076275
99fb8b6659849c6d,critical_repair,0.75,3536.0,19.13918065582402
99fb8b6659849c6d,debate_verify,1.0,2508.75,12.460437826113775
99fb8b6659849c6d,self_consistency_8,1.0,3096.0,22.291272712871432
99fb8b6659849c6d,tool_verify,0.75,1124.0,6.517732014646754
99fb8b6659849c6d,tool_verify+replace+insert,0.6666666666666666,2482.0,14.023280293370286
99fb8b6659849c6d,verify,1.0,1058.0,5.992353634210303
9e38c47a35ae7fc2,branch_verify_merge,1.0,4606.0,27.5026962471505
9e38c47a35ae7fc2,compress_continue,0.0,958.6666666666666,6.30504778213799
9e38c47a35ae7fc2,compress_continue+replace+append_verifier,0.0,1827.6666666666667,12.012896400565902
9e38c47a35ae7fc2,cot,0.0,493.5,5.016780287725851
9e38c47a35ae7fc2,critical_repair,0.25,3805.0,23.68428100203164
9e38c47a35ae7fc2,debate_verify,0.5,3743.5,21.35737729864195
9e38c47a35ae7fc2,self_consistency_8,0.0,3725.0,37.57763958629221
9e38c47a35ae7fc2,tool_verify,0.5,2181.75,15.837499949615449
9e38c47a35ae7fc2,verify,0.0,1580.0,11.33224099734798
9eac1b778cb499b6,cot+replace+replace,1.0,2430.0,17.34469927661121
9f6c1f01d5050994,branch_verify_merge,0.0,4095.0,23.872310363066692
9f6c1f01d5050994,compress_continue,0.0,1377.3333333333333,7.800709819731613
9f6c1f01d5050994,cot,0.0,587.25,5.081151592312381
9f6c1f01d5050994,critical_repair,0.0,4638.0,26.109214881435037
9f6c1f01d5050994,debate_verify,0.0,3877.25,22.66899235895835
9f6c1f01d5050994,debate_verify+compress+append_verifier,0.0,6058.666666666667,33.98601730850836
9f6c1f01d5050994,self_consistency_8,0.0,4933.0,43.347516554407775
9f6c1f01d5050994,tool_verify,0.0,1372.5,9.110568100353703
9f6c1f01d5050994,verify,0.0,1821.25,12.359526640502736
a135f2d9b6289363,branch_verify_merge,0.0,4975.333333333333,24.294585486563545
a135f2d9b6289363,compress_continue,1.0,1670.6666666666667,6.044406551557283
a135f2d9b6289363,cot,1.0,928.2,6.480609638057649
a135f2d9b6289363,critical_repair,0.0,5376.0,25.777367069851607
a135f2d9b6289363,debate_verify,0.0,3806.75,15.863788570277393
a135f2d9b6289363,debate_verify+compress+append_verifier,0.0,5843.0,26.36616202754279
a135f2d9b6289363,self_consistency_8,1.0,7735.0,55.55715530179441
a135f2d9b6289363,tool_verify,0.0,2570.5,14.28371899202466
a135f2d9b6289363,verify,0.75,2449.75,13.092630465514958
a2c2ad316b96efe7,cot,1.0,1054.0,4.928480677306652
a363778b4f199331,cot,0.0,5432.0,37.472457439638674
a4082c983aef77f9,branch_verify_merge,1.0,2071.0,11.699186366672317
a4082c983aef77f9,compress_continue,1.0,465.6666666666667,2.60643981055667
a4082c983aef77f9,cot,1.0,259.0,2.3627616725862026
a4082c983aef77f9,critical_repair,0.5,2515.75,15.112961936974898
a4082c983aef77f9,critical_repair+append_verifier+append_verifier,1.0,4065.6666666666665,23.00651828230669
a4082c983aef77f9,debate_verify,0.75,1911.25,10.94275690917857
a4082c983aef77f9,self_consistency_8,1.0,2176.0,20.123430819250643
a4082c983aef77f9,tool_verify,1.0,932.25,6.592932443832979
a4082c983aef77f9,verify,0.25,849.75,5.9356726065743715
a5a99c4a711aa0ff,branch_verify_merge,0.0,8075.0,51.21153279983749
a5a99c4a711aa0ff,compress_continue,0.0,5581.0,39.95988734407971
a5a99c4a711aa0ff,cot,0.0,2167.0,23.757244739681482
a5a99c4a711aa0ff,cot+compress+append_verifier,0.0,7666.333333333333,49.90646450718244
a5a99c4a711aa0ff,critical_repair,0.0,10283.25,68.52871915954165
a5a99c4a711aa0ff,debate_verify,0.0,8749.25,55.42124332673848
a5a99c4a711aa0ff,self_consistency_8,0.0,9144.0,94.59348736517131
a5a99c4a711aa0ff,tool_verify,0.0,5898.75,43.56651745131239
a5a99c4a711aa0ff,verify,0.0,6205.0,45.85939296009019
a6d48792581ad951,branch_verify_merge,0.6666666666666666,2081.3333333333335,11.399898335337639
a6d48792581ad951,branch_verify_merge+append_verifier+replace,0.6666666666666666,3285.3333333333335,19.51393557029466
a6d48792581ad951,compress_continue,0.3333333333333333,521.6666666666666,2.9080947007363043
a6d48792581ad951,cot,1.0,276.2,2.49563004784286
a6d48792581ad951,critical_repair,0.5,2750.75,16.338769807480276
a6d48792581ad951,debate_verify,0.5,1904.5,10.036893270444125
a6d48792581ad951,self_consistency_8,1.0,2257.0,20.54888129979372
a6d48792581ad951,tool_verify,1.0,814.25,5.588510063709691
a6d48792581ad951,verify,0.75,831.25,5.612106493674219
a910f36320387d58,branch_verify_merge,1.0,2917.6666666666665,16.828965477334958
a910f36320387d58,compress_continue,0.6666666666666666,598.0,3.1741299855833254
a910f36320387d58,cot,1.0,352.5,3.2913913854863495
a910f36320387d58,cot+replace+replace,1.0,237.0,1.8286111820489168
a910f36320387d58,critical_repair,0.75,3029.75,18.35935939894989
a910f36320387d58,debate_verify,0.5,1958.0,10.304323320509866
a910f36320387d58,self_consistency_8,1.0,2821.0,26.233978036791086
a910f36320387d58,tool_verify,1.0,889.75,5.903882589424029
a910f36320387d58,tool_verify+compress+insert,1.0,2698.6666666666665,14.823985719742874
a910f36320387d58,verify,0.75,996.75,6.6326876962557435
a98dc00451708f9c,branch_verify_merge,0.6666666666666666,3695.3333333333335,21.845233408734202
a98dc00451708f9c,compress_continue,1.0,1368.0,8.95091735633711
a98dc00451708f9c,cot,1.0,707.0,7.467848512902856
a98dc00451708f9c,critical_repair,0.5,5095.5,31.570666942512617
a98dc00451708f9c,debate_verify,1.0,3154.25,17.55260214419104
a98dc00451708f9c,self_consistency_8,1.0,5790.0,61.197795601561666
a98dc00451708f9c,tool_verify,0.5,1914.0,13.44237953866832
a98dc00451708f9c,tool_verify+replace+insert,0.6666666666666666,3997.3333333333335,26.073707094416022
a98dc00451708f9c,verify,0.5,1947.75,13.850598227698356
a9cc3621a315a11b,branch_verify_merge,0.6666666666666666,3067.0,18.922796762858827
a9cc3621a315a11b,compress_continue,1.0,513.6666666666666,2.3038766576598086
a9cc3621a315a11b,cot,1.0,248.5,2.047927328851074
a9cc3621a315a11b,critical_repair,0.75,3120.75,18.829302232479677
a9cc3621a315a11b,critical_repair+append_verifier+append_verifier,1.0,5509.0,32.183380432116486
a9cc3621a315a11b,debate_verify,0.5,2951.0,15.962819658918306
a9cc3621a315a11b,self_consistency_8,1.0,1941.0,15.865272778086364
a9cc3621a315a11b,tool_verify,1.0,875.5,6.4354982113000005
a9cc3621a315a11b,verify,0.5,903.25,6.661562964320183
aa4a6a032beb15a9,branch_verify_merge,1.0,6947.333333333333,42.733045297053955
aa4a6a032beb15a9,compress_continue,0.6666666666666666,2228.0,13.221943899368247
aa4a6a032beb15a9,cot,1.0,1095.6,11.039244372956455
aa4a6a032beb15a9,critical_repair,1.0,7544.0,45.86566281598061
aa4a6a032beb15a9,debate_verify,1.0,6760.75,41.65190530847758
aa4a6a032beb15a9,debate_verify+insert+compress,0.0,9644.666666666666,56.853848384072386
aa4a6a032beb15a9,self_consistency_8,1.0,8030.0,79.8694612774998
aa4a6a032beb15a9,tool_verify,1.0,2851.5,19.97273915191181
aa4a6a032beb15a9,verify,0.75,3130.25,21.694381684297696
ab272ef0cad82ac3,branch_verify_merge,1.0,4320.0,26.0705114028727
ab272ef0cad82ac3,compress_continue,1.0,1768.6666666666667,10.402839920793971
ab272ef0cad82ac3,compress_continue+replace+append_verifier,1.0,3471.0,22.186824347202975
ab272ef0cad82ac3,cot,1.0,854.0,8.22610446754843
ab272ef0cad82ac3,critical_repair,1.0,6426.5,38.19949327991344
ab272ef0cad82ac3,debate_verify,1.0,4683.75,26.639046060619876
ab272ef0cad82ac3,self_consistency_8,1.0,6867.0,66.48901737015694
ab272ef0cad82ac3,tool_verify,1.0,2502.0,17.57102353218943
ab272ef0cad82ac3,verify,1.0,2439.75,16.853531008819118
ab3f930bcf90042f,branch_verify_merge,1.0,4669.0,29.360100874056418
ab3f930bcf90042f,branch_verify_merge+append_verifier+replace,1.0,8111.0,50.02020456362516
ab3f930bcf90042f,compress_continue,1.0,3135.6666666666665,22.451883716508746
ab3f930bcf90042f,cot,0.75,1653.5,18.191301012178883
ab3f930bcf90042f,critical_repair,0.75,8274.25,54.07450965140015
ab3f930bcf90042f,debate_verify,1.0,6090.0,38.52382782381028
ab3f930bcf90042f,self_consistency_8,1.0,8209.0,87.16407389659435
ab3f930bcf90042f,tool_verify,1.0,4236.5,29.99498354597017
ab3f930bcf90042f,verify,1.0,4509.5,31.79543560091406
ab8cfb3a3ad2c31f,branch_verify_merge,0.6666666666666666,1980.3333333333333,11.530377448226014
ab8cfb3a3ad2c31f,compress_continue,0.0,534.0,3.253794022835791
ab8cfb3a3ad2c31f,cot,1.0,196.25,1.6715059340931475
ab8cfb3a3ad2c31f,cot+replace+replace,1.0,204.0,1.619788160547614
ab8cfb3a3ad2c31f,critical_repair,0.75,2801.0,17.362814717693254
ab8cfb3a3ad2c31f,debate_verify,0.25,1744.5,9.304553109919652
ab8cfb3a3ad2c31f,self_consistency_8,1.0,1643.0,14.240682726725936
ab8cfb3a3ad2c31f,tool_verify,1.0,692.5,4.789117630803958
ab8cfb3a3ad2c31f,tool_verify+compress+insert,1.0,2206.3333333333335,12.517540973300735
ab8cfb3a3ad2c31f,verify,1.0,665.5,4.767940105870366
ac6b69f91079f061,cot+replace+replace,0.0,2399.0,16.53558083344251
ae456134c894e4e5,compress_continue+replace+compress,1.0,8647.0,40.65192233398557
b2ead6123f4e0683,branch_verify_merge,0.0,10171.666666666666,66.30251317533354
b2ead6123f4e0683,compress_continue,0.0,5523.333333333333,39.25039367719243
b2ead6123f4e0683,cot,0.0,2190.0,23.787128156982362
b2ead6123f4e0683,critical_repair,0.0,9457.25,61.19054774940014
b2ead6123f4e0683,critical_repair+insert+replace,0.0,9981.666666666666,64.18608538775395
b2ead6123f4e0683,debate_verify,0.0,9129.75,57.445219995686784
b2ead6123f4e0683,self_consistency_8,0.0,9328.0,95.2843941859901
b2ead6123f4e0683,tool_verify,0.0,6443.5,48.171981250168756
b2ead6123f4e0683,verify,0.0,6437.5,48.15541227837093
b54a5fc1abe733f3,branch_verify_merge,0.0,2365.0,13.63107826653868
b54a5fc1abe733f3,compress_continue,0.3333333333333333,702.6666666666666,3.6779180842762194
b54a5fc1abe733f3,cot,1.0,325.0,2.8594281183555723
b54a5fc1abe733f3,critical_repair,0.5,2919.25,17.008205755148083
b54a5fc1abe733f3,debate_verify,0.0,2322.25,12.223400080576539
b54a5fc1abe733f3,self_consistency_8,1.0,2637.0,23.021870906464756
b54a5fc1abe733f3,tool_verify,0.0,896.25,5.746786448638886
b54a5fc1abe733f3,tool_verify+replace+insert,0.0,2012.3333333333333,12.462509384689232
b54a5fc1abe733f3,verify,0.25,950.75,6.213333816966042
b69e006b7cf2a05e,cot,1.0,1259.0,8.65828647930175
be042acccd93795f,branch_verify_merge,1.0,4737.666666666667,30.422878628907103
be042acccd93795f,compress_continue,1.0,2685.6666666666665,17.311736100974183
be042acccd93795f,compress_continue+replace+append_verifier,0.6666666666666666,4648.0,31.095160743842523
be042acccd93795f,cot,1.0,1084.4,11.539705457352103
be042acccd93795f,critical_repair,1.0,7439.25,46.80206286581233
be042acccd93795f,debate_verify,1.0,5726.5,35.061672567389905
be042acccd93795f,self_consistency_8,1.0,8744.0,93.24336418509483
be042acccd93795f,tool_verify,1.0,2489.0,17.242429606616497
be042acccd93795f,verify,0.75,3032.5,21.489490543026477
bfd815ca00605f6d,branch_verify_merge,0.6666666666666666,1831.0,10.314290043587485
bfd815ca00605f6d,compress_continue,0.0,302.6666666666667,1.543902715978523
bfd815ca00605f6d,cot,1.0,146.0,1.1552744852378964
bfd815ca00605f6d,cot+replace+replace,1.0,416.0,4.149394333362579
bfd815ca00605f6d,critical_repair,1.0,2392.0,15.957305749645457
bfd815ca00605f6d,debate_verify,0.5,2074.5,11.314875222044066
bfd815ca00605f6d,debate_verify+compress+append_verifier,0.0,2637.3333333333335,15.844382291970154
bfd815ca00605f6d,self_consistency_8,1.0,1559.0,13.703714757226408
bfd815ca00605f6d,tool_verify,0.25,590.5,4.730216563213617
bfd815ca00605f6d,verify,0.25,680.75,5.194565994199365
c1006c94bd8bf16f,cot,0.0,952.0,6.253893514163792
c39a3703d5f7df09,cot+insert+replace,1.0,7965.0,32.7436652360484
c3c9c753ec8b94c7,branch_verify_merge,1.0,3922.6666666666665,23.282017352369923
c3c9c753ec8b94c7,compress_continue,0.0,1108.3333333333333,5.0603918541843695
c3c9c753ec8b94c7,cot,1.0,817.25,7.914109148783609
c3c9c753ec8b94c7,critical_repair,1.0,5961.75,35.56037621432915
c3c9c753ec8b94c7,debate_verify,1.0,3797.25,19.929090866819024
c3c9c753ec8b94c7,debate_verify+compress+append_verifier,1.0,4699.0,26.585292777667444
c3c9c753ec8b94c7,self_consistency_8,1.0,5984.0,56.87948992662132
c3c9c753ec8b94c7,tool_verify,0.25,2308.0,15.506861375877634
c3c9c753ec8b94c7,verify,0.75,2278.5,14.868734718300402
c7130e15d331d730,cot,1.0,1460.0,10.219982671551406
cb220dad21edffd0,cot,0.0,1708.0,11.118886101059616
cb512f6c3e940902,branch_verify_merge,0.0,7343.666666666667,45.47996468065927
cb512f6c3e940902,branch_verify_merge+append_verifier+replace,0.0,8146.0,49.7829830624784
cb512f6c3e940902,compress_continue,0.0,1937.0,11.369697274640203
cb512f6c3e940902,cot,0.8,950.0,9.486718836799264
cb512f6c3e940902,critical_repair,0.0,7529.5,46.94853549893014
cb512f6c3e940902,debate_verify,0.0,4962.75,27.028925500111654
cb512f6c3e940902,self_consistency_8,0.0,7878.0,79.618248866871
cb512f6c3e940902,tool_verify,0.0,3170.0,21.95378463040106
cb512f6c3e940902,verify,0.25,2718.0,18.743580339709297
cbe10162abac1edf,branch_verify_merge,1.0,3202.6666666666665,19.316937400959432
cbe10162abac1edf,compress_continue,1.0,1080.6666666666667,6.9491636374344425
cbe10162abac1edf,compress_continue+replace+append_verifier,1.0,1914.0,12.56856873103728
cbe10162abac1edf,cot,1.0,530.0,5.210353811830283
cbe10162abac1edf,critical_repair,1.0,3729.25,22.636320510180667
cbe10162abac1edf,debate_verify,1.0,2914.0,17.144926713546738
cbe10162abac1edf,self_consistency_8,1.0,4117.0,40.58607149217278
cbe10162abac1edf,tool_verify,1.0,1491.25,10.355417238781229
cbe10162abac1edf,verify,0.0,1499.0,10.440978587372229
ced1868443c933d5,branch_verify_merge,1.0,3142.3333333333335,19.205354942008853
ced1868443c933d5,compress_continue,0.0,1042.3333333333333,5.476882332935929
ced1868443c933d5,cot,0.0,557.75,5.7477634937968105
ced1868443c933d5,cot+compress+append_verifier,0.0,2412.0,15.893740436683098
ced1868443c933d5,critical_repair,0.0,4029.75,25.167772461194545
ced1868443c933d5,debate_verify,0.5,3134.0,17.312520937994123
ced1868443c933d5,self_consistency_8,0.0,4477.0,46.19923075474799
ced1868443c933d5,tool_verify,0.0,1686.75,12.436212671920657
ced1868443c933d5,verify,0.0,1657.0,12.066036838106811
cff3038438f689fb,branch_verify_merge,0.6666666666666666,3015.3333333333335,17.551858459288876
cff3038438f689fb,branch_verify_merge+append_verifier+replace,0.3333333333333333,3760.3333333333335,21.517079448948305
cff3038438f689fb,compress_continue,0.0,795.0,3.8468330822264156
cff3038438f689fb,cot,1.0,513.5,4.660984936868772
cff3038438f689fb,critical_repair,1.0,3236.0,18.330842366209254
cff3038438f689fb,debate_verify,0.75,2700.0,14.290144158294424
cff3038438f689fb,self_consistency_8,1.0,3611.0,31.552585658617318
cff3038438f689fb,tool_verify,0.25,1122.75,6.902181483106688
cff3038438f689fb,verify,0.75,1294.25,7.83987080026418
d1266a6bcce35c3b,branch_verify_merge,0.0,2818.6666666666665,17.153092563773196
d1266a6bcce35c3b,compress_continue,0.0,1187.6666666666667,7.639614490481715
d1266a6bcce35c3b,cot,1.0,459.6,4.383475874178112
d1266a6bcce35c3b,critical_repair,0.75,3301.5,19.588695185491815
d1266a6bcce35c3b,debate_verify,0.0,2472.5,13.193683835212141
d1266a6bcce35c3b,debate_verify+insert+compress,0.0,4124.0,23.516610980965197
d1266a6bcce35c3b,self_consistency_8,1.0,3712.0,35.63653964269906
d1266a6bcce35c3b,tool_verify,0.0,1295.75,8.804380444809794
d1266a6bcce35c3b,verify,0.5,1324.5,9.062764852307737
d817c59b267c94ce,cot,1.0,551.0,3.0925054447725415
d83cb747065011d0,branch_verify_merge,1.0,2152.6666666666665,12.751285358021656
d83cb747065011d0,compress_continue,1.0,556.6666666666666,3.067086359796425
d83cb747065011d0,cot,0.0,277.0,2.5619963712524623
d83cb747065011d0,critical_repair,0.25,2180.25,13.011591338552535
d83cb747065011d0,debate_verify,1.0,2408.75,13.096524722874165
d83cb747065011d0,self_consistency_8,0.0,2247.0,20.51281980238855
d83cb747065011d0,tool_verify,1.0,815.25,5.5169851765967906
d83cb747065011d0,tool_verify+replace+insert,1.0,1893.0,11.504254250476757
d83cb747065011d0,verify,0.0,798.5,5.269976255716756
d8f43e687115b9a5,branch_verify_merge,0.6666666666666666,2502.3333333333335,14.775591652840376
d8f43e687115b9a5,compress_continue,0.3333333333333333,705.0,4.304436843221386
d8f43e687115b9a5,cot,1.0,386.8,3.9198459247127175
d8f43e687115b9a5,cot+compress+append_verifier,0.0,1402.0,9.255512645157674
d8f43e687115b9a5,critical_repair,0.75,3419.75,21.547382437624037
d8f43e687115b9a5,debate_verify,0.25,2308.5,12.705155374016613
d8f43e687115b9a5,self_consistency_8,1.0,3100.0,31.57735492568463
d8f43e687115b9a5,tool_verify,1.0,1069.5,7.536286047194153
d8f43e687115b9a5,verify,0.5,1137.25,8.060583167243749
dd25753c170a19ac,branch_verify_merge,0.6666666666666666,4203.666666666667,22.899950991074245
dd25753c170a19ac,compress_continue,0.6666666666666666,2254.3333333333335,13.366139510956904
dd25753c170a19ac,cot,0.5,1336.25,13.342922355048358
dd25753c170a19ac,critical_repair,0.0,7631.75,44.03911786200479
dd25753c170a19ac,debate_verify,0.25,7531.25,46.13141564372927
dd25753c170a19ac,self_consistency_8,1.0,7665.0,71.50617594458163
dd25753c170a19ac,tool_verify,0.75,3373.0,21.25497923558578
dd25753c170a19ac,tool_verify+compress+insert,0.6666666666666666,5949.666666666667,32.34911099138359
dd25753c170a19ac,verify,0.5,3287.25,20.410389559576288
dedae73c0f49554b,branch_verify_merge,0.0,2654.0,14.93026063311845
dedae73c0f49554b,compress_continue,0.0,448.6666666666667,2.2534710709005594
dedae73c0f49554b,cot,1.0,200.25,1.4573654250707477
dedae73c0f49554b,critical_repair,0.25,2647.0,16.592399070970714
dedae73c0f49554b,debate_verify,0.0,2120.25,11.074118653545156
dedae73c0f49554b,self_consistency_8,1.0,1445.0,9.684624381363392
dedae73c0f49554b,tool_verify,0.5,790.0,5.48585546342656
dedae73c0f49554b,tool_verify+replace+insert,0.0,1726.3333333333333,10.170056633961698
dedae73c0f49554b,verify,0.25,717.75,4.981071687769145
df30d8aec69ff557,branch_verify_merge,0.6666666666666666,3971.6666666666665,23.653652058603864
df30d8aec69ff557,compress_continue,0.6666666666666666,1165.3333333333333,5.579487239321073
df30d8aec69ff557,cot,0.75,684.75,6.6905482690781355
df30d8aec69ff557,critical_repair,0.75,4631.25,27.78843785682693
df30d8aec69ff557,debate_verify,0.75,4003.0,22.11864554695785
df30d8aec69ff557,debate_verify+insert+compress,0.6666666666666666,6014.0,33.86049749143422
df30d8aec69ff557,self_consistency_8,0.0,5479.0,53.57214209809899
df30d8aec69ff557,tool_verify,0.5,2180.0,14.877054612152278
df30d8aec69ff557,verify,0.0,1774.75,12.006206223974004
dfdff38578d8069c,branch_verify_merge,1.0,4199.666666666667,27.570850315193336
dfdff38578d8069c,compress_continue,1.0,1269.3333333333333,7.716608613729477
dfdff38578d8069c,compress_continue+replace+append_verifier,1.0,2274.6666666666665,15.594680613838136
dfdff38578d8069c,cot,1.0,709.6,7.55353318080306
dfdff38578d8069c,critical_repair,1.0,5275.0,34.81033665849827
dfdff38578d8069c,debate_verify,1.0,4560.5,26.041865858016536
dfdff38578d8069c,self_consistency_8,1.0,5432.0,57.47382645215839
dfdff38578d8069c,tool_verify,1.0,2074.25,16.051101264311
dfdff38578d8069c,verify,0.5,2099.0,15.415879186242819
e07417afe80996d6,cot,0.0,3932.0,27.3707185247913
e2337b6009c1a075,branch_verify_merge,0.3333333333333333,2058.3333333333335,12.368564865551889
e2337b6009c1a075,branch_verify_merge+append_verifier+replace,0.3333333333333333,2814.3333333333335,16.80902932273845
e2337b6009c1a075,compress_continue,1.0,593.0,3.381454285544654
e2337b6009c1a075,cot,1.0,246.8,2.2166592206805946
e2337b6009c1a075,critical_repair,0.5,2353.5,14.395687516545877
e2337b6009c1a075,debate_verify,0.5,1801.5,9.603517396142706
e2337b6009c1a075,self_consistency_8,1.0,1990.0,17.987444271333516
e2337b6009c1a075,tool_verify,1.0,725.5,4.913962976075709
e2337b6009c1a075,verify,0.75,780.0,5.415442687692121
e691f76913b87b60,cot+replace+replace,0.0,1929.0,13.920976459980011
e8938f896c86d68e,branch_verify_merge,1.0,2604.3333333333335,16.01500725094229
e8938f896c86d68e,compress_continue,0.6666666666666666,558.3333333333334,3.305367897885541
e8938f896c86d68e,cot,1.0,357.5,3.352185057941824
e8938f896c86d68e,critical_repair,0.5,2921.25,17.17229281971231
e8938f896c86d68e,debate_verify,1.0,2266.0,13.13637688034214
e8938f896c86d68e,self_consistency_8,1.0,2745.0,25.511945729143918
e8938f896c86d68e,tool_verify,1.0,872.5,6.067897808272392
e8938f896c86d68e,tool_verify+compress+insert,1.0,1983.3333333333333,10.634026433030764
e8938f896c86d68e,tool_verify+replace+insert,1.0,1800.0,10.312831871211529
e8938f896c86d68e,verify,0.25,1038.75,6.934693078277633
ebb3140132cb4ab2,branch_verify_merge,1.0,3129.6666666666665,18.909367634914815
ebb3140132cb4ab2,compress_continue,1.0,883.6666666666666,5.490694728679955
ebb3140132cb4ab2,cot,1.0,365.2,3.2184254962950947
ebb3140132cb4ab2,critical_repair,1.0,3708.75,22.45403402647935
ebb3140132cb4ab2,critical_repair+append_verifier+append_verifier,0.6666666666666666,5066.0,28.90553419323017
ebb3140132cb4ab2,debate_verify,1.0,2740.0,15.774206338683143
ebb3140132cb4ab2,self_consistency_8,1.0,2898.0,25.397427468560636
ebb3140132cb4ab2,tool_verify,1.0,1237.5,8.250373631482944
ebb3140132cb4ab2,verify,0.75,1056.0,6.846823729807511
ec877777deaa1c08,branch_verify_merge,1.0,3127.3333333333335,18.62097033765167
ec877777deaa1c08,compress_continue,1.0,1031.0,5.81418895535171
ec877777deaa1c08,cot,1.0,528.8,5.094374472089112
ec877777deaa1c08,critical_repair,0.75,3634.75,21.49534447840415
ec877777deaa1c08,debate_verify,1.0,2724.25,14.662542052799836
ec877777deaa1c08,self_consistency_8,1.0,3858.0,36.51303076278418
ec877777deaa1c08,tool_verify,1.0,1377.0,9.320168449776247
ec877777deaa1c08,tool_verify+compress+insert,0.6666666666666666,3963.0,22.918787772146363
ec877777deaa1c08,verify,0.75,1492.0,9.893069796962664
ed1f947dd01364ec,branch_verify_merge,1.0,5491.333333333333,35.004454697171845
ed1f947dd01364ec,compress_continue,1.0,2641.0,17.738703101562958
ed1f947dd01364ec,cot,1.0,1084.0,11.40742003582418
ed1f947dd01364ec,critical_repair,1.0,6304.75,39.17233427078463
ed1f947dd01364ec,debate_verify,1.0,5543.25,35.73662161245011
ed1f947dd01364ec,self_consistency_8,1.0,8518.0,89.721325292252
ed1f947dd01364ec,tool_verify,1.0,2851.5,20.147833729861304
ed1f947dd01364ec,tool_verify+compress+insert,1.0,6060.0,36.88655464040736
ed1f947dd01364ec,verify,1.0,2900.25,20.54859409877099
f44070ed3842c220,compress_continue,1.0,1042.0,3.8971222741529346
f50515332b7dc16a,branch_verify_merge,1.0,3113.6666666666665,15.446216802112758
f50515332b7dc16a,compress_continue,0.6666666666666666,874.6666666666666,3.2253314020733037
f50515332b7dc16a,cot,1.0,427.25,2.5251511079259217
f50515332b7dc16a,cot+compress+append_verifier,0.3333333333333333,1688.0,7.633148316604395
f50515332b7dc16a,critical_repair,1.0,3220.5,15.666483187815174
f50515332b7dc16a,debate_verify,1.0,2284.0,9.965624225325882
f50515332b7dc16a,self_consistency_8,1.0,3513.0,21.287984925322235
f50515332b7dc16a,tool_verify,1.0,1216.0,6.422433617059141
f50515332b7dc16a,verify,0.0,1142.5,5.786086271749809
f630421eef1964f5,cot,1.0,680.0,4.385340387932956
f68876dcaeb32778,branch_verify_merge,0.6666666666666666,3628.6666666666665,22.711937786390383
f68876dcaeb32778,compress_continue,1.0,1303.6666666666667,7.345223888444404
f68876dcaeb32778,cot,1.0,544.2,5.385257188789547
f68876dcaeb32778,cot+compress+append_verifier,0.6666666666666666,2556.6666666666665,16.4150192833816
f68876dcaeb32778,critical_repair,0.75,4657.25,28.59743734379299
f68876dcaeb32778,debate_verify,1.0,3473.25,21.45794898411259
f68876dcaeb32778,self_consistency_8,1.0,4419.0,44.14720241352916
f68876dcaeb32778,tool_verify,1.0,1572.25,10.991122286766768
f68876dcaeb32778,verify,0.75,1658.5,11.516841085627675
f8abc2b0cfe715bd,branch_verify_merge,0.0,2180.0,11.459451494428018
f8abc2b0cfe715bd,compress_continue,0.6666666666666666,941.0,4.98917827134331
f8abc2b0cfe715bd,compress_continue+replace+append_verifier,0.0,1689.0,10.892664484369257
f8abc2b0cfe715bd,cot,1.0,489.8,4.707657329365611
f8abc2b0cfe715bd,critical_repair,0.75,3326.5,20.252112670103088
f8abc2b0cfe715bd,debate_verify,0.0,2539.75,13.52228241530247
f8abc2b0cfe715bd,self_consistency_8,1.0,3865.0,36.891087896190584
f8abc2b0cfe715bd,tool_verify,0.75,1501.25,10.207956159021705
f8abc2b0cfe715bd,verify,0.25,1401.0,9.534845533082262
f99a925cc3699865,branch_verify_merge,1.0,3589.3333333333335,21.971444244496524
f99a925cc3699865,compress_continue,1.0,1151.0,7.137841663633783
f99a925cc3699865,cot,1.0,575.25,5.998857342172414
f99a925cc3699865,cot+replace+replace,1.0,545.0,5.471586148254573
f99a925cc3699865,critical_repair,1.0,4185.0,26.386112712556496
f99a925cc3699865,debate_verify,1.0,3363.75,20.253343687625602
f99a925cc3699865,self_consistency_8,1.0,4586.0,47.491858969442546
f99a925cc3699865,tool_verify,1.0,1650.75,11.80895514599979
f99a925cc3699865,tool_verify+compress+insert,1.0,4204.333333333333,24.93367274478078
f99a925cc3699865,verify,0.25,1658.5,12.067785281687975
f9ca304a1ed88900,branch_verify_merge,1.0,4451.666666666667,26.436119375750422
f9ca304a1ed88900,compress_continue,1.0,1713.0,9.067654438627264
f9ca304a1ed88900,cot,1.0,894.4,9.225011497922242
f9ca304a1ed88900,critical_repair,0.75,5983.0,37.19634497887455
f9ca304a1ed88900,debate_verify,1.0,4277.25,24.361644143704325
f9ca304a1ed88900,self_consistency_8,1.0,7683.0,80.16089473944157
f9ca304a1ed88900,tool_verify,1.0,3399.25,24.68284607375972
f9ca304a1ed88900,tool_verify+compress+insert,0.6666666666666666,5950.666666666667,34.959564024582505
f9ca304a1ed88900,verify,1.0,2594.5,18.496114612789825
fa1db91c914d5aeb,branch_verify_merge,0.0,5272.0,33.162822995334864
fa1db91c914d5aeb,compress_continue,0.6666666666666666,3257.3333333333335,20.794348552823067
fa1db91c914d5aeb,cot,0.25,882.25,9.258750055916607
fa1db91c914d5aeb,critical_repair,0.5,6130.25,38.028566599590704
fa1db91c914d5aeb,critical_repair+insert+replace,0.3333333333333333,9222.333333333334,56.1700258286049
fa1db91c914d5aeb,debate_verify,0.75,6141.5,36.90505669522099
fa1db91c914d5aeb,self_consistency_8,0.0,6117.0,63.09781889710575
fa1db91c914d5aeb,tool_verify,0.0,3039.25,21.886390858562663
fa1db91c914d5aeb,verify,0.25,1891.25,13.091941449092701
fa3edf7d619139d4,branch_verify_merge,1.0,2611.3333333333335,15.165361569263041
fa3edf7d619139d4,compress_continue,0.6666666666666666,609.0,3.9335325323045254
fa3edf7d619139d4,cot,1.0,272.0,2.571717257797718
fa3edf7d619139d4,critical_repair,0.5,2185.0,13.179769994691014
fa3edf7d619139d4,debate_verify,0.25,1869.5,10.063007515156642
fa3edf7d619139d4,self_consistency_8,1.0,2183.0,20.62134174257517
fa3edf7d619139d4,tool_verify,1.0,1086.0,7.880738425301388
fa3edf7d619139d4,tool_verify+compress+insert,1.0,1816.3333333333333,9.944281827037534
fa3edf7d619139d4,verify,0.0,793.25,5.392508345190436
fa5cdc45e83401b7,branch_verify_merge,0.0,6982.333333333333,46.110450629765786
fa5cdc45e83401b7,compress_continue,0.0,1660.6666666666667,10.766545114728311
fa5cdc45e83401b7,cot,0.25,1965.0,21.62618742720224
fa5cdc45e83401b7,critical_repair,0.0,8256.0,53.3906606703531
fa5cdc45e83401b7,debate_verify,0.0,8077.75,50.608793100109324
fa5cdc45e83401b7,debate_verify+compress+append_verifier,0.0,9621.333333333334,63.362318962191544
fa5cdc45e83401b7,self_consistency_8,0.0,6931.0,70.75350489653647
fa5cdc45e83401b7,tool_verify,0.0,3979.25,26.608403081074357
fa5cdc45e83401b7,verify,0.25,4402.5,31.72864615661092
facb4eef50f47171,branch_verify_merge,1.0,3180.3333333333335,19.468107114546
facb4eef50f47171,compress_continue,1.0,1085.6666666666667,7.00696600570033
facb4eef50f47171,cot,1.0,411.4,3.8910380698740483
facb4eef50f47171,critical_repair,1.0,3450.0,20.961361451772973
facb4eef50f47171,critical_repair+append_verifier+append_verifier,1.0,5514.0,32.447683655656874
facb4eef50f47171,debate_verify,1.0,3200.0,18.768158158520237
facb4eef50f47171,self_consistency_8,1.0,3346.0,31.661921088583767
facb4eef50f47171,tool_verify,1.0,1224.0,8.7499752540607
facb4eef50f47171,verify,0.75,1233.0,8.636150989448652
fdc2e9368138f997,cot+insert+insert+replace+replace,0.0,9401.0,41.21227289456874
ff2db5d1aab8c351,branch_verify_merge,0.0,5513.0,34.684357308472194
ff2db5d1aab8c351,compress_continue,0.0,4470.666666666667,29.72753178173055
ff2db5d1aab8c351,compress_continue+replace+append_verifier,0.0,5136.666666666667,32.662963956284024
ff2db5d1aab8c351,cot,0.0,1827.25,20.092017531162128
ff2db5d1aab8c351,critical_repair,0.0,9083.75,59.16933628800325
ff2db5d1aab8c351,debate_verify,0.0,7380.5,43.5746097874362
ff2db5d1aab8c351,self_consistency_8,0.0,8936.0,94.62191989831626
ff2db5d1aab8c351,tool_verify,0.0,5926.0,43.10283676232211
ff2db5d1aab8c351,verify,0.0,4230.25,29.539206859422848
ff89f2e74988005e,tool_verify+insert+compress+replace+compress,1.0,6937.0,22.322267351672053
